Order Date,Region,Category,Sales,Profit
2023-04-13,West,Furniture,373.59,88.48
2023-12-15,North,Technology,297.66,61.78
2023-09-28,East,Office Supplies,521.24,-38.31
2023-04-17,East,Furniture,708.25,-57.83
2023-03-13,East,Furniture,380.92,56.5
2023-07-08,South,Furniture,939.82,36.62
2023-01-21,East,Furniture,87.23,-1.43
2023-04-13,North,Technology,447.05,58.95
2023-05-02,East,Furniture,969.2,35.5
2023-08-03,West,Office Supplies,570.57,65.56
2023-11-27,West,Office Supplies,452.3,38.01
2023-03-29,South,Furniture,590.09,79.02
2023-04-10,West,Office Supplies,597.13,35.9
2023-12-26,North,Furniture,745.07,133.42
2023-06-01,East,Furniture,171.31,-4.79
2023-05-11,South,Office Supplies,287.52,51.35
2023-05-30,East,Furniture,601.52,38.9
2023-11-05,East,Office Supplies,873.76,218.2
2023-09-15,North,Technology,583.77,61.93
2023-12-10,West,Furniture,276.67,80.03
2023-10-21,West,Technology,695.85,97.96
2023-07-11,East,Office Supplies,752.91,-7.88
2023-10-04,South,Technology,276.32,63.2
2023-06-10,West,Technology,408.84,15.55
2023-11-10,South,Office Supplies,557.61,21.77
2023-01-22,West,Technology,521.73,-45.54
2023-09-10,South,Technology,420.14,50.2
2023-08-24,North,Office Supplies,332.75,37.86
2023-12-11,South,Technology,144.99,6.15
2023-02-18,North,Office Supplies,100.81,25.98
2023-02-28,North,Technology,960.61,-46.59
2023-06-19,South,Office Supplies,854.79,27.39
2023-07-07,North,Office Supplies,387.16,11.09
2023-09-28,East,Technology,958.96,-60.49
2023-07-09,North,Technology,692.93,64.07
2023-06-24,West,Technology,508.39,89.03
2023-02-20,South,Furniture,518.37,54.25
2023-12-30,East,Furniture,129.12,-4.8
2023-02-24,South,Furniture,137.12,6.98
2023-09-01,West,Office Supplies,622.32,-61.59
2023-11-16,West,Technology,576.02,142.46
2023-05-11,West,Office Supplies,252.09,-16.69
2023-11-03,North,Furniture,948.88,131.81
2023-05-15,North,Technology,792.23,233.31
2023-01-21,South,Office Supplies,157.79,18.09
2023-11-25,South,Technology,934.38,251.92
2023-06-16,East,Office Supplies,975.54,-5.42
2023-10-01,East,Technology,996.13,203.19
2023-03-30,South,Furniture,103.08,11.6
2023-11-12,North,Furniture,750.18,141.19
2023-01-14,West,Technology,568.62,-42.68
2023-08-30,South,Office Supplies,720.54,-29.47
2023-09-22,East,Furniture,970.22,-45.36
2023-12-12,North,Furniture,703.63,123.04
2023-02-22,South,Furniture,845.12,200.95
2023-12-06,South,Technology,873.53,174.57
2023-04-02,North,Technology,846.56,-74.34
2023-09-21,South,Office Supplies,454.79,112.28
2023-02-04,North,Office Supplies,261.45,10.89
2023-07-25,West,Office Supplies,426.82,25.12
2023-03-22,North,Technology,897.3,-52.09
2023-02-19,North,Technology,189.27,36.9
2023-12-26,North,Office Supplies,537.66,-14.56
2023-01-02,South,Office Supplies,271.57,34.11
2023-02-23,South,Technology,602.24,142.3
2023-04-16,North,Office Supplies,869.98,-55.96
2023-09-17,South,Furniture,886.34,101.16
2023-11-06,East,Technology,274.85,-1.85
2023-07-10,East,Office Supplies,912.31,33.91
2023-08-06,South,Technology,612.29,54.85
2023-02-13,South,Furniture,382.71,16.09
2023-06-11,North,Technology,722.77,115.3
2023-07-21,West,Technology,507.58,46.61
2023-09-27,South,Technology,409.09,54.69
2023-12-17,East,Technology,719.83,140.17
2023-10-31,North,Furniture,286.29,35.24
2023-09-28,South,Technology,363.74,48.96
2023-08-03,East,Technology,462.73,58.2
2023-09-09,East,Office Supplies,291.0,14.99
2023-07-09,West,Technology,434.94,15.21
2023-10-23,North,Office Supplies,592.9,154.07
2023-08-01,North,Furniture,753.93,107.83
2023-07-27,West,Furniture,778.84,-1.76
2023-08-25,West,Furniture,831.65,82.58
2023-12-04,North,Furniture,757.0,24.33
2023-02-22,North,Office Supplies,696.99,190.61
2023-10-07,South,Technology,275.63,-26.73
2023-08-05,South,Furniture,430.21,-4.24
2023-09-09,West,Technology,503.83,23.25
2023-07-07,South,Office Supplies,128.75,12.25
2023-02-10,East,Office Supplies,551.95,132.65
2023-06-06,South,Office Supplies,464.52,-30.12
2023-01-15,South,Furniture,812.0,180.54
2023-10-28,East,Technology,979.01,-76.11
2023-03-06,West,Technology,578.2,136.99
2023-12-11,East,Technology,356.55,-28.29
2023-11-23,South,Office Supplies,91.23,-8.46
2023-01-09,West,Furniture,928.41,165.99
2023-12-10,South,Office Supplies,923.16,275.93
2023-05-09,East,Office Supplies,290.34,75.09
2023-05-16,East,Technology,710.64,92.67
2023-03-04,South,Office Supplies,121.66,32.48
2023-05-19,North,Technology,207.9,-20.35
2023-03-22,North,Furniture,255.97,74.24
2023-06-12,East,Technology,329.77,31.76
2023-10-16,East,Furniture,996.04,188.41
2023-09-18,North,Technology,712.08,162.6
2023-08-19,North,Office Supplies,414.99,77.76
2023-02-10,South,Office Supplies,750.25,85.54
2023-01-28,South,Furniture,919.49,83.35
2023-05-15,North,Furniture,960.77,226.2
2023-07-20,South,Furniture,104.97,-1.89
2023-11-24,South,Technology,424.8,122.0
2023-09-25,West,Technology,151.42,27.92
2023-02-02,South,Furniture,368.88,-7.45
2023-02-17,East,Office Supplies,211.2,41.08
2023-03-03,South,Technology,664.51,74.38
2023-08-04,South,Technology,418.85,76.6
2023-10-20,North,Technology,267.93,55.49
2023-04-09,East,Furniture,302.64,-19.7
2023-06-21,South,Furniture,392.33,40.19
2023-12-26,South,Furniture,296.95,81.01
2023-08-02,West,Furniture,480.58,13.58
2023-02-04,South,Furniture,80.7,11.1
2023-08-15,South,Office Supplies,315.78,15.06
2023-04-11,West,Office Supplies,440.65,36.0
2023-05-11,North,Furniture,622.64,74.37
2023-09-14,South,Technology,307.41,36.76
2023-01-05,West,Furniture,176.53,-3.41
2023-08-06,East,Office Supplies,122.39,21.27
2023-09-12,North,Office Supplies,943.51,-61.19
2023-12-25,East,Technology,445.81,-19.83
2023-10-10,East,Office Supplies,602.1,-59.56
2023-07-26,West,Furniture,923.22,-49.23
2023-01-15,South,Technology,128.61,11.48
2023-12-12,West,Furniture,882.83,125.75
2023-02-11,West,Furniture,574.01,124.97
2023-06-28,West,Technology,206.59,-11.84
2023-03-04,West,Furniture,440.69,105.89
2023-12-18,North,Office Supplies,788.72,156.47
2023-08-19,South,Furniture,506.35,32.11
2023-08-29,East,Technology,986.02,269.36
2023-02-21,East,Technology,407.9,120.89
2023-04-06,South,Technology,762.1,-13.72
2023-08-10,East,Furniture,423.34,21.88
2023-08-19,South,Technology,837.71,226.67
2023-08-25,East,Technology,590.63,111.42
2023-05-23,West,Furniture,110.34,-8.91
2023-06-20,East,Office Supplies,84.98,18.07
2023-01-29,South,Furniture,177.16,40.96
2023-02-05,South,Technology,62.99,12.61
2023-01-13,South,Technology,121.59,26.73
2023-06-09,South,Furniture,707.13,162.68
2023-11-23,South,Office Supplies,557.63,-14.18
2023-07-06,North,Technology,762.42,-4.36
2023-08-31,North,Technology,917.51,140.84
2023-03-27,East,Technology,605.89,159.44
2023-10-11,South,Furniture,739.81,19.59
2023-03-07,East,Technology,769.23,104.09
2023-06-19,South,Office Supplies,408.96,70.83
2023-02-14,South,Technology,279.03,22.54
2023-03-03,North,Technology,244.79,45.41
2023-05-14,North,Office Supplies,288.87,75.07
2023-10-11,West,Technology,311.0,46.54
2023-01-28,North,Furniture,246.87,28.62
2023-04-18,West,Furniture,884.31,66.76
2023-02-13,West,Furniture,769.15,100.75
2023-12-06,West,Office Supplies,94.55,3.98
2023-10-13,West,Technology,305.24,17.27
2023-11-27,West,Furniture,71.08,8.01
2023-05-08,East,Office Supplies,523.26,-38.38
2023-12-14,North,Technology,502.4,-4.22
2023-08-19,West,Office Supplies,839.8,98.37
2023-07-09,South,Furniture,342.39,24.86
2023-08-13,North,Furniture,825.57,27.35
2023-10-10,North,Furniture,969.58,186.37
2023-05-01,West,Office Supplies,133.99,23.78
2023-04-26,East,Office Supplies,802.23,-26.72
2023-08-21,West,Furniture,610.46,153.5
2023-09-16,East,Office Supplies,506.04,49.68
2023-12-25,South,Furniture,449.51,88.37
2023-07-17,North,Furniture,795.43,102.82
2023-05-17,South,Technology,657.39,196.61
2023-11-14,East,Office Supplies,814.79,163.74
2023-06-14,East,Furniture,907.99,165.97
2023-08-13,South,Furniture,636.4,134.55
2023-11-03,East,Office Supplies,981.44,-41.96
2023-08-22,South,Technology,627.68,-11.41
2023-06-21,North,Technology,654.81,121.55
2023-06-01,South,Furniture,577.07,56.32
2023-11-11,North,Office Supplies,136.45,27.54
2023-06-09,South,Technology,740.08,-43.54
2023-04-06,East,Office Supplies,570.07,65.33
2023-08-21,South,Office Supplies,478.36,24.65
2023-06-29,East,Furniture,914.95,75.76
2023-04-23,South,Technology,333.06,47.16
2023-11-14,South,Furniture,547.42,55.24
2023-02-21,West,Technology,712.76,82.64
2023-09-25,East,Technology,806.65,76.26
2023-10-22,West,Technology,486.38,30.93
